"flagCode","country","SocialProgressIndex_Score_2025","SocialProgressIndex_Tier_txt_YearFree","SocialProgress_GDPPerCapita_USD_2025","SocialProgressIndexScore2022"
"DK","Denmark",91.96,"Tier 1",71224.34,90.54
"NO","Norway",91.95,"Tier 1",88711.99,90.74
"FI","Finland",91.28,"Tier 1",58634.37,90.46
"SE","Sweden",90.75,"Tier 1",64778.01,89.42
"CH","Switzerland",90.44,"Tier 1",83019.84,90.26
"IS","Iceland",89.57,"Tier 1",64294.75,89.54
"NL","Netherlands",88.82,"Tier 1",69953.67,88.97
"IE","Ireland",88.76,"Tier 1",122595.8,87.69
"LU","Luxembourg",88.66,"Tier 1",137059.19,87.48
"DE","Germany",88.24,"Tier 1",62605.47,88.72
"AT","Austria",87.8,"Tier 1",65836.89,88.05
"AU","Australia",87.6,"Tier 1",59119.98,87.83
"BE","Belgium",87.51,"Tier 1",63431.05,87.22
"JP","Japan",87.12,"Tier 1",44913.77,88.19
"SG","Singapore",86.73,"Tier 1",129038.47,83.76
"EE","Estonia",86.28,"Tier 1",43877,86.16
"SI","Slovenia",86.09,"Tier 1",47558.27,84.19
"CA","Canada",86.02,"Tier 1",56716.37,88.17
"NZ","New Zealand",85.87,"Tier 1",49816.14,87.26
"GB","United Kingdom",85.76,"Tier 1",55183.63,86.13
"ES","Spain",85.58,"Tier 2",45787.7,85.35
"CZ","Czech Republic",84.85,"Tier 2",48783.99,85.19
"FR","France",84.81,"Tier 2",54988.33,86.07
"PT","Portugal",84.63,"Tier 2",41240.39,84.75
"IT","Italy",84.08,"Tier 2",51941.17,85.23
"MT","Malta",83.14,"Tier 2",55727.72,84.52
"LT","Lithuania",82.02,"Tier 2",47025.43,83.71
"CY","Cyprus",82,"Tier 2",50232.2,83.18
"IL","Israel",81.8,"Tier 2",48318.89,83.17
"US","United States",81.65,"Tier 2",71308.92,84.65
"LV","Latvia",81.25,"Tier 2",38116.36,82.46
"PL","Poland",80.59,"Tier 2",43661.54,80.17
"SK","Slovakia",80.36,"Tier 2",38566.29,81.29
"GR","Greece",80.13,"Tier 2",35328.79,82.44
"CL","Chile",79.49,"Tier 2",29691.19,80.78
"HR","Croatia",79.33,"Tier 2",39538.49,82.32
"UY","Uruguay",79.26,"Tier 2",30983.69,80.27
"CR","Costa Rica",79.02,"Tier 2",24650.49,80.65
"HU","Hungary",77.29,"Tier 2",40683.88,78.21
"AR","Argentina",76.85,"Tier 2",27127.44,78.64
"BB","Barbados",75.95,"Tier 2",16325.46,79.6
"BG","Bulgaria",75.73,"Tier 2",32511.83,76.81
"KW","Kuwait",75.63,"Tier 2",521643.43,74.06
"RO","Romania",74.61,"Tier 2",39872.45,76.89
"MY","Malaysia",74.34,"Tier 2",32735.4,74.08
"ME","Montenegro",74.27,"Tier 2",26166.05,74.64
"RS","Serbia",74.17,"Tier 2",23741.21,75.8
"AE","United Arab Emirates",74.04,"Tier 2",73724.31,70.7
"QA","Qatar",73.19,"Tier 2",113157.23,66.47
"GE","Georgia",72.98,"Tier 2",20612.19,74.43
"AM","Armenia",72.94,"Tier 2",19100.25,74.78
"MU","Mauritius",72.45,"Tier 2",24831.53,75.44
"PA","Panama",72.43,"Tier 2",33790.4,74.02
"BR","Brazil",72.35,"Tier 2",17847.33,71.26
"MD","Moldova",72.3,"Tier 2",15229.46,74.19
"JM","Jamaica",72.09,"Tier 2",10113.97,73.48
"KZ","Kazakhstan",71.52,"Tier 2",34210.88,71.21
"OM","Oman",71.22,"Tier 2",40114.01,67.7
"AL","Albania",71.21,"Tier 2",17261.03,74.12
"VN","Vietnam",70.98,"Tier 3",13102.32,68.18
"TH","Thailand",70.97,"Tier 3",20751.66,69.8
"UA","Ukraine",70.92,"Tier 3",14950.5,74.17
"MK","North Macedonia",70.53,"Tier 3",20403.31,72.74
"TT","Trinidad and Tobago",70.47,"Tier 3",27942.69,75.58
"BY","Belarus",70.3,"Tier 3",26526.64,71.49
"MV","Maldives",70.04,"Tier 3",21393.72,68.02
"CO","Colombia",69.91,"Tier 3",18732.72,69.83
"BA","Bosnia and Herzegovina",69.48,"Tier 3",19355.67,71.23
"MX","Mexico",69.3,"Tier 3",21809.59,70.84
"BH","Bahrain",69.1,"Tier 3",56646.43,66.09
"CN","China",69.08,"Tier 3",21019.46,65.74
"PY","Paraguay",68.71,"Tier 3",15198.23,68.96
"CU","Cuba",68.67,"Tier 3",,
"EC","Ecuador",68.64,"Tier 3",13530.4,71.75
"UZ","Uzbekistan",68.46,"Tier 3",8447.55,66.12
"RU","Russia",68.29,"Tier 3",38128.69,71.99
"DO","Dominican Republic",68.17,"Tier 3",22761.27,69.76
"SA","Saudi Arabia",68.14,"Tier 3",51246.4,63.89
"JO","Jordan",68.12,"Tier 3",9222.52,67.32
"KG","Kyrgyzstan",67.91,"Tier 3",5991.54,67.23
"ID","Indonesia",67.81,"Tier 3",13495.53,66.67
"TR","Turkey",67.66,"Tier 3",33061.06,66.59
"PE","Peru",67.61,"Tier 3",15102.57,70.7
"CV","Cape Verde",67.59,"Tier 3",7633.8,69.01
"PH","Philippines",67.34,"Tier 3",9325.68,67.46
"BT","Bhutan",66.82,"Tier 3",13423.43,68.05
"ZA","South Africa",66.71,"Tier 3",14322.33,69.95
"MN","Mongolia",66.53,"Tier 3",15469.84,67.21
"LK","Sri Lanka",66.39,"Tier 3",13172.06,69.22
"SR","Suriname",66.03,"Tier 3",18741.74,71.22
"TN","Tunisia",65.98,"Tier 3",12328.55,69.77
"FJ","Fiji",65.7,"Tier 3",12643.93,67.02
"LB","Lebanon",65.64,"Tier 3",11860.06,66.48
"DZ","Algeria",64.18,"Tier 4",63379,65.59
"BO","Bolivia",63.97,"Tier 4",9565.32,67.15
"AZ","Azerbaijan",63.44,"Tier 4",21031.5,63.26
"GY","Guyana",63.14,"Tier 4",37667.77,65.54
"BW","Botswana",63.06,"Tier 4",17334.88,65.89
"SV","El Salvador",62.89,"Tier 4",11103.49,64.42
"MA","Morocco",62.7,"Tier 4",8599.82,64.04
"IR","Iran",61.6,"Tier 4",15499.91,63.72
"TM","Turkmenistan",60.63,"Tier 4",,56.75
"GH","Ghana",60.45,"Tier 4",6616.12,64.8
"HN","Honduras",59.66,"Tier 4",6440.42,61.17
"LY","Libya",58.96,"Tier 4",14777.56,54.28
"GT","Guatemala",58.7,"Tier 4",12427.77,60.21
"NA","Namibia",58.38,"Tier 4",11474.54,62
"VE","Venezuela",58.33,"Tier 4",,58.62
"IN","India",58.31,"Tier 4",8568.59,60.19
"ST","Sao Tome and Principe",58.24,"Tier 4",5599.72,62.49
"TJ","Tajikistan",58.15,"Tier 4",4310.89,56.05
"NI","Nicaragua",57.69,"Tier 4",7032.01,60.23
"NP","Nepal",57.57,"Tier 4",4632.83,59.39
"EG","Egypt",57.56,"Tier 4",16600.39,58.73
"TL","Timor-Leste",57.4,"Tier 4",5454.21,58.92
"IQ","Iraq",57.21,"Tier 4",13062,56.82
"KE","Kenya",56.39,"Tier 4",5513.86,57.96
"GA","Gabon",55.9,"Tier 4",19718.26,62.18
"KH","Cambodia",55.84,"Tier 4",4860.45,55.71
"BD","Bangladesh",54.6,"Tier 4",7805.15,56.06
"SN","Senegal",54.23,"Tier 4",4330.65,57.7
"LA","Laos",52.9,"Tier 4",8215.13,51.17
"SB","Solomon Islands",52.7,"Tier 5",2480.34,52.4
"TZ","Tanzania",52.56,"Tier 5",3504.15,54.87
"MM","Myanmar",51.46,"Tier 5",5308.75,51.46
"CI","Ivory Coast",50.85,"Tier 5",6699.91,54.01
"ZM","Zambia",50.59,"Tier 5",3610.67,52.07
"DJ","Djibouti",50.33,"Tier 5",6135.85,49.39
"BJ","Benin",50.26,"Tier 5",3697.61,55.59
"NG","Nigeria",50.01,"Tier 5",5669.96,52.97
"GM","Gambia",49.92,"Tier 5",2744.78,54.68
"RW","Rwanda",49.83,"Tier 5",2859.77,52.18
"PK","Pakistan",49.34,"Tier 5",5706.9,51.32
"MW","Malawi",48.82,"Tier 5",1703.6,54.29
"SZ","Eswatini",48.56,"Tier 5",10170.94,49.19
"TG","Togo",48.37,"Tier 5",2769.18,51.58
"KM","Comoros",47.78,"Tier 5",3445.06,52.11
"LS","Lesotho",47.6,"Tier 5",2457.45,52.9
"SY","Syria",47.49,"Tier 5",2914.53,51.98
"ZW","Zimbabwe",47.27,"Tier 5",3420.03,52.17
"CM","Cameroon",47.18,"Tier 5",4785.68,51.4
"UG","Uganda",46.92,"Tier 5",2728.55,49.34
"AO","Angola",46.04,"Tier 5",7407.11,46.87
"MZ","Mozambique",45.75,"Tier 5",7462.57,48.27
"PG","Papua New Guinea",45.67,"Tier 5",4141.22,48.12
"GQ","Equatorial Guinea",45.24,"Tier 5",18165.16,46.58
"ML","Mali",44.64,"Tier 5",2413.04,46.93
"MR","Mauritania",44.64,"Tier 5",6207.05,46.6
"ET","Ethiopia",44.63,"Tier 5",2698.61,47.43
"GW","Guinea-Bissau",44.32,"Tier 5",2192.42,46.65
"LR","Liberia",44.03,"Tier 5",1598.18,49.03
"BF","Burkina Faso",43.73,"Tier 5",2448.13,49.83
"SD","Sudan",43.68,"Tier 5",3299.88,45.41
"SL","Sierra Leone",43.5,"Tier 5",1643.99,50.48
"CG","Republic of the Congo",43.11,"Tier 5",6272.33,47.54
"MG","Madagascar",41.93,"Tier 5",1664.58,47.07
"YE","Yemen",41.2,"Tier 5",,39.08
"GN","Guinea",40.61,"Tier 6",3818.25,42.41
"BI","Burundi",40.42,"Tier 6",857.17,42.91
"NE","Niger",40.32,"Tier 6",1652.72,43.14
"HT","Haiti",39.84,"Tier 5",3026.24,45.42
"SO","Somalia",38.57,"Tier 6",1452.27,35.85
"ER","Eritrea",37.9,"Tier 6",,34.85
"CD","DR Congo",37.23,"Tier 6",1432.86,42.7
"AF","Afghanistan",32.11,"Tier 6",2138.87,37.34
"TD","Chad",29.46,"Tier 6",1748.48,34.69
"CF","Central African Republic",27.42,"Tier 6",1039.27,32.39
"SS","South Sudan",26.5,"Tier 6",,30.65
"MH","Marshall Islands",,,6254.54,
"AG","Antigua and Barbuda",,,27757.17,
"KI","Kiribati",,,"2209.â€š92",
"BS","Bahamas",,,32895.01,
"PS","Palestine",,"Tier 3",,65.19
"KR","South Korea",,"Tier 2",,86.47